Timestamp,IP Address,Country
2025-03-25 12:03:18,185.7.214.37,Russia
2025-03-25 12:03:18,92.255.85.107,Hong Kong
2025-03-25 12:06:22,92.255.85.37,Hong Kong
2025-03-25 12:11:26,103.47.184.19,Myanmar
2025-03-25 12:11:32,103.47.184.19,Myanmar
2025-03-25 12:11:32,185.7.214.37,Russia
2025-03-25 12:11:32,92.255.85.107,Hong Kong
2025-03-25 12:11:32,92.255.85.37,Hong Kong
2025-03-25 12:38:51,185.213.164.162,Iran
2025-03-25 12:39:57,111.170.168.6,China
2025-03-25 12:47:37,185.255.90.20,Iran
2025-03-25 12:49:40,103.191.92.24,Indonesia
2025-03-25 12:50:46,103.134.154.72,Singapore
2025-03-25 12:56:40,51.195.224.111,France
2025-03-25 13:07:39,218.104.99.189,China
2025-03-25 13:31:58,185.7.214.37,Russia
2025-03-25 13:37:21,92.255.85.107,Hong Kong
2025-03-25 13:41:43,92.255.85.37,Hong Kong
2025-03-25 14:35:10,172.245.11.102,United States
2025-03-25 15:24:16,103.151.20.180,Indonesia
2025-03-25 15:59:00,195.239.97.254,Russia
2025-03-25 16:10:49,167.71.223.38,Singapore
2025-03-25 16:13:09,117.50.209.157,China
2025-03-25 16:26:43,37.58.18.216,TÃ¼rkiye
2025-03-25 16:27:39,89.134.209.244,Hungary
2025-03-25 16:27:55,50.84.211.204,United States
2025-03-25 16:28:15,36.255.220.190,Singapore
2025-03-25 16:28:34,165.22.53.223,Singapore
2025-03-25 16:46:20,45.157.148.187,Iraq
2025-03-25 16:50:33,160.202.8.218,India
2025-03-25 17:12:05,185.7.214.37,Russia
2025-03-25 17:12:56,92.255.85.37,Hong Kong
2025-03-25 17:14:54,92.255.85.107,Hong Kong
2025-03-25 17:18:50,198.12.77.137,United States
2025-03-25 17:19:06,164.90.156.199,United States
2025-03-25 18:26:08,187.110.238.50,Brazil
2025-03-25 18:27:36,103.191.92.57,Indonesia
2025-03-25 18:31:19,113.161.194.27,Vietnam
2025-03-25 19:39:13,220.80.234.49,South Korea
2025-03-25 20:04:31,116.110.85.60,Vietnam
2025-03-25 20:18:24,116.120.97.94,South Korea
2025-03-25 20:44:04,92.255.85.37,Hong Kong
2025-03-25 20:51:11,185.7.214.37,Russia
2025-03-25 20:51:55,92.255.85.107,Hong Kong
2025-03-25 21:40:13,192.169.201.6,United States
2025-03-25 23:50:22,117.185.38.2,China
2025-03-25 23:52:13,141.95.162.162,France
2025-03-25 23:53:10,187.157.153.167,Mexico
2025-03-26 00:09:53,14.103.115.215,China
